{"accuracy": [0.6135842204093933, 0.6654428839683533, 0.7163836359977722, 0.7255621552467346, 0.7416245937347412, 0.7535566687583923, 0.7544745206832886, 0.7723726630210876, 0.7719137072563171, 0.7824690341949463, 0.7691601514816284, 0.7723726630210876, 0.7742083668708801, 0.7916475534439087, 0.7916475534439087, 0.7875171899795532, 0.786599338054657, 0.7934832572937012, 0.8067920804023743, 0.7925654053688049], "loss": [0.7111251950263977, 0.6043410897254944, 0.5591844916343689, 0.5422153472900391, 0.5185142159461975, 0.5044663548469543, 0.5049014091491699, 0.48204872012138367, 0.4774776101112366, 0.46849316358566284, 0.47291746735572815, 0.4661480784416199, 0.4655912518501282, 0.43905940651893616, 0.450641006231308, 0.45233333110809326, 0.4478641748428345, 0.43619441986083984, 0.4277130961418152, 0.43923649191856384], "val_accuracy": [0.6892950534820557, 0.7389034032821655, 0.7493472695350647, 0.7493472695350647, 0.7728459239006042, 0.7650130391120911, 0.7597911357879639, 0.7624021172523499, 0.7650130391120911, 0.7650130391120911, 0.7571801543235779, 0.7728459239006042, 0.770235002040863, 0.770235002040863, 0.770235002040863, 0.7754569053649902, 0.7650130391120911, 0.7859007716178894, 0.7832897901535034, 0.770235002040863], "val_loss": [0.5882226824760437, 0.5437622666358948, 0.5332556366920471, 0.5087397694587708, 0.49625399708747864, 0.5013377070426941, 0.4923160672187805, 0.48047974705696106, 0.4866284132003784, 0.46839067339897156, 0.47768527269363403, 0.4653782844543457, 0.4801957607269287, 0.4747416377067566, 0.46984463930130005, 0.49560561776161194, 0.47655999660491943, 0.4623982012271881, 0.4677659571170807, 0.4647476077079773], "learning_rate": [9.999999747378752e-05, 9.999999747378752e-05, 9.999999747378752e-05, 9.999999747378752e-05, 9.999999747378752e-05, 9.999999747378752e-05, 9.999999747378752e-05, 9.999999747378752e-05, 9.999999747378752e-05, 9.999999747378752e-05, 9.999999747378752e-05, 9.999999747378752e-05, 9.999999747378752e-05, 9.999999747378752e-05, 9.999999747378752e-05, 4.999999873689376e-05, 4.999999873689376e-05, 4.999999873689376e-05, 4.999999873689376e-05, 4.999999873689376e-05]}